building,total_kwh
Admin,482.8687218500867
Engineering,487.6958989093014
Library,485.2615063673858
